type,accuracy,confidence,acc_delta,conf_delta
baseline,0.20212765957446807,0.7655019540230724,0.0,0.0
description_mismatch,0.02978723404255319,0.6391872182037642,-0.1723404255319149,-0.1263147358193082
paraphrase,0.19893617021276597,0.7590822753377575,-0.0031914893617021045,-0.0064196786853149
vague_description,0.18138297872340425,0.7370306772700055,-0.020744680851063818,-0.028471276753066932
description_overload,0.20372340425531915,0.7761094481476206,0.00159574468085108,0.0106074941245482
negation_injection,0.20904255319148937,0.7565831711431569,0.0069148936170213005,-0.008918782879915543
prefix_noise_injection,0.21648936170212765,0.7681820252291026,0.014361702127659581,0.002680071206030199
interleaved_noise_injection,0.21595744680851064,0.7846401934928082,0.013829787234042573,0.019138239469735807
